School,City,Role / job title,Status,Pay / band,Z-sponsor (Yes/No/ask),Mandarin required,Cert required first,Applied date,Last email date,Last email subject,Contact / apply URL,Email watch keywords,Notes,Application ID
Guangzhou International Economics College (GZIEC / 广州涉外经济职业技术学院),Guangzhou,Foreign English Teacher (外籍英语教师) — College of Chinese & International Education inquiry,Received — GZIEC HR auto-reply (mail received; will reply in a few days),ask / vocational-college band,Yes,No,No,2026-09-21 04:16 CT,2026-09-21 04:18 CT,广州涉外学院 自动回复: Application — Foreign English Teacher (Guangzhou) — Michael Palmero (US),https://www.gaoxiaojob.com/announcement/detail/374639.html,163.com; shewairenshi@163.com; GZIEC; 涉外经济; gziec.edu.cn,Overnight 2026-09-21 ~4:15am CDT: emailed shewairenshi@163.com (黎老师 HR) Gmail id 1a0c3428c68bb2af; resume DOCX attached. 2026招聘公告 lists 华文与国际教育学院英语专任教师1–2名 (IELTS 7 preferred for Chinese track) + school is pinwaiyi-registered foreign-teacher employer; applied as 外籍英语教师 / Z-visa path. Guangzhou Sha Tai Road campus preferred (Fogang also listed for some Chinese roles). Email watch 2026-09-21 ~3:48pm CDT: HR auto-reply confirmed mail received.,gziec-foreign-en-2026-09-21
Guangdong Pharmaceutical University (GDPU / 广东药科大学),Guangzhou,Foreign English Teacher inquiry — International Exchange Office,Submitted — awaiting recruiter reply,ask / prior eChinacities IELTS listing was ~9–12k + housing (expired May 2025),Yes,No,No,2026-09-21 04:16 CT,2026-09-21 04:16 CT,Application — Foreign English Teacher (Guangzhou) — Michael Palmero (US),https://gjjlhzc.gdpu.edu.cn/jgjs/lxwm.htm,gdpu.edu.cn; gdpuws@gdpu.edu.cn; GDPU; 药科大学,Overnight 2026-09-21 ~4:15am CDT: emailed International Exchange public mailbox gdpuws@gdpu.edu.cn Gmail id 1a0c343b868a7038; resume DOCX attached. School previously posted Employer-type IELTS English teacher on eChinacities (expired); intl office confirmed at gjjlhzc.gdpu.edu.cn.,gdpu-ws-ft-2026-09-21
Guangdong Lingnan Institute of Technology (岭南职业技术学院),Guangzhou,Foreign English Teacher inquiry — HR (Tianhe campus preferred),Submitted — awaiting recruiter reply,ask / vocational-college band,Yes,No,No,2026-09-21 04:16 CT,2026-09-21 04:16 CT,Application — Foreign English Teacher (Guangzhou) — Michael Palmero (US),https://lnc.edu.cn/js/rczp/content_30424,lnedugroup.com; lingnanhrzy@lnedugroup.com; Lingnan; 岭南职业技术; lnc.edu.cn,Overnight 2026-09-21 ~4:15am CDT: emailed HR lingnanhrzy@lnedugroup.com (李老师; open招聘 through 2026-7-31) Gmail id 1a0c343b7a72ebef; resume DOCX attached. Applied as 外籍英语教师 for Guangzhou Tianhe campus (大观中路492号); Qingyuan campus also exists — prefer GZ.,lingnan-hr-ft-2026-09-21
Spirit Kids / 思普睿特 (Tianhe),Guangzhou,Foreign English Teacher (language center),Skipped — no direct HR email (Liepin/pinwaiyi only; avoid agent boards),ask,No,No,No,2026-09-21 04:16 CT,2026-09-21 04:16 CT,,http://www.pinwaiyi.com/employer/23824.html,Spirit Kids; 思普睿特; pinwaiyi,Overnight 2026-09-21 ~4:15am CDT: researched; no public direct HR email; Liepin hides contact. Do not re-chase via pinwaiyi agent path.,spirit-kids-no-email-skip-2026-09-21
Acada / 亚加达外语 (Guangzhou),Guangzhou,English teacher (language school),Skipped — only 2008-era emails (zhaopin@alcanta.com.cn / tonyji@alcanta.com.cn); too stale,ask,ask,No,No,2026-09-21 04:16 CT,2026-09-21 04:16 CT,,https://paper.i21st.cn/story/46314.html,alcanta.com.cn; Acada; 亚加达,Overnight 2026-09-21 ~4:15am CDT: only historical 2008 i21st listing emails; no verified current HR. Skip until fresh direct contact.,acada-stale-email-skip-2026-09-21
Guangzhou Nanyang Polytechnic College (南洋理工职业学院),Guangzhou,Chinese faculty hire (not foreign-teacher post),"Skipped — qq.com-only HR (1272636688@qq.com) + Chinese-staff 2026公告, no 外教 post",n/a,ask,Yes,No,2026-09-21 04:16 CT,2026-09-21 04:16 CT,,https://www.gaoxiaojob.com/announcement/detail/411212.html,qq.com; gznylg.edu.cn; 南洋理工,Overnight 2026-09-21 ~4:15am CDT: Autumn 2026教职工招聘 to qq mailbox only; criteria ban qq.com-only agent-style boards / Chinese-only posts.,nanyang-qq-chinese-hire-skip-2026-09-21
Guangzhou City Vocational College (GCP / 广州城市职业学院),Guangzhou,Chinese talent hire (gcprsc@163.com),Skipped — gcprsc@163.com is Chinese急需专业人才 hire; no foreign-teacher / intl mailbox found,n/a,ask,Yes,No,2026-09-21 04:16 CT,2026-09-21 04:16 CT,,https://www.gcp.edu.cn/info/1053/22164.htm,gcp.edu.cn; gcprsc@163.com; 城市职业学院,Overnight 2026-09-21 ~4:15am CDT: NOT same as GCUT/gcu.edu.cn (already submitted). No intl/foreign-teacher contact published; skip Chinese talent mailbox.,gcp-chinese-talent-skip-2026-09-21
Guangzhou Civil Aviation Vocational College (民航职业技术学院),Guangzhou,Foreign teacher (no dedicated mailbox),Skipped — pinwaiyi-registered but no dedicated 外教 email; public pages only gzmhxyrsc@126.com Chinese personnel / general,ask,Yes,No,No,2026-09-21 04:16 CT,2026-09-21 04:16 CT,,http://pinwaiyi.com/employer/23212.html,gcac.edu.cn; gzmhxyrsc@126.com; 民航职业技术,Overnight 2026-09-21 ~4:15am CDT: 2026招聘 is Chinese博士/高级职称 track via online system; no foreign-teacher posting or intl mailbox verified.,gcac-no-ft-mailbox-skip-2026-09-21
Guangdong Construction Polytechnic (建设职业技术学院),Guangzhou,Chinese staff hire,Skipped — intl college page has no FT email; rsc@gdcvi.edu.cn is Chinese公开招聘 only,n/a,ask,Yes,No,2026-09-21 04:16 CT,2026-09-21 04:16 CT,,https://ic.gdcvi.edu.cn/,gdcvi.edu.cn; rsc@gdcvi.edu.cn; 建设职业技术,Overnight 2026-09-21 ~4:15am CDT: International College exists (出海/留学生) but no published foreign-teacher hire email.,gdcvi-rsc-chinese-skip-2026-09-21
Guangdong Mechanical & Electrical Polytechnic (机电职业技术学院),Guangzhou,Chinese Master's+ faculty hire,Skipped — jd61362198@163.com is Chinese人才引进/硕士教师; no 外教 post,n/a,ask,Yes,No,2026-09-21 04:16 CT,2026-09-21 04:16 CT,,https://rszp.gdmec.edu.cn/,gdmec.edu.cn; jd61362198@163.com; 机电职业技术,Overnight 2026-09-21 ~4:15am CDT: 2026招聘166名硕士研究生及以上 — Chinese track only.,gdmec-chinese-talent-skip-2026-09-21
Guangdong Polytechnic of Science and Technology (科学技术职业学院),Zhuhai/Guangzhou,Chinese talent hire,Skipped — primary hire mailbox gkgongzhao@vip.163.com tied to Zhuhai campus; no clear GZ FT post,n/a,ask,Yes,No,2026-09-21 04:16 CT,2026-09-21 04:16 CT,,https://www.gdit.edu.cn/,gdit.edu.cn; gkgongzhao@vip.163.com; 科学技术职业学院,Overnight 2026-09-21 ~4:15am CDT: avoid non-Guangzhou-primary campus / Chinese talent only.,gdit-zhuhai-campus-skip-2026-09-21
Private Hualian College (私立华联学院),Guangzhou,Mechanical/Chinese faculty only (Sep 2026 posting),Skipped — current Sep 2026招聘 is机电工程系 Chinese teachers only (hlursc@163.com); no ESL/外教 post,n/a,ask,Yes,No,2026-09-21 04:16 CT,2026-09-21 04:16 CT,,https://www.hlu.edu.cn/edu/jobs/5.html,hlu.edu.cn; hlursc@163.com; 华联学院,Overnight 2026-09-21 ~4:15am CDT: pinwaiyi-registered but live post is mechanical Chinese hire — skip until ESL opening.,hualian-mech-only-skip-2026-09-21
Best Learning / 贝乐学科英语 (Guangzhou),Guangzhou,Foreign English Teacher,Skipped — no verified public GZ HR email (LinkedIn contacts only),ask,ask,No,No,2026-09-21 04:16 CT,2026-09-21 04:16 CT,,,Best Learning; 贝乐; bestlearning,Overnight 2026-09-21 ~4:15am CDT: no direct HR email found for GZ centers.,best-learning-no-email-skip-2026-09-21
RISE English (瑞思英语) — Guangzhou,Guangzhou,English Teacher (children / subject English) — language center,Submitted — awaiting recruiter reply,ask / language-center band,Yes,No,No,2026-09-21 02:31 CT,2026-09-21 02:31 CT,Application — English Teacher Guangzhou — Michael Palmero (US),https://www.risecenter.com/join.html,rdchina.net; hrhelp@rdchina.net; RISE; 瑞思,Overnight 2026-09-21 ~2:30am CDT: apply to RISE English teacher hiring (hrhelp@rdchina.net) Gmail id 1a0c2dfdda1f973b; resume DOCX attached via draft+upload. Careers page lists English Teacher with Guangzhou among work cities; bachelor OK; no hard TEFL wall before apply. Language center first preference.,rise-english-gz-2026-09-21
Guangdong Food and Drug Vocational College (GFDVC / 广东食品药品职业学院),Guangzhou (Tianhe Longdong),Foreign English Teacher (oral / college English / EAP) — inquiry,Submitted — awaiting recruiter reply,ask / vocational college band,Yes,No,No,2026-09-21 02:31 CT,2026-09-21 02:31 CT,Application — Foreign English Teacher (Guangzhou) — Michael Palmero (US),https://eng.gdyzy.edu.cn/,gdyzy.edu.cn; GDFDVC@126.com; GFDVC; 食品药品,"Overnight 2026-09-21 ~2:30am CDT: cold inquire to International Exchange Center (GDFDVC@126.com) Gmail id 1a0c2dfe1a4d00cf; resume DOCX attached. Public international contact for GFDVC; bachelor-level inquiry, CELTA-in-progress disclosed. Direct college.",gfdvc-intl-2026-09-21
Guangzhou Railway Polytechnic (广州铁路职业技术学院),Guangzhou,Foreign English Teacher (oral / college English) — inquiry,Submitted — awaiting recruiter reply,ask / vocational college band,Yes,No,No,2026-09-21 02:31 CT,2026-09-21 02:31 CT,Application — Foreign English Teacher (Guangzhou) — Michael Palmero (US),https://www.gtxy.edu.cn/,gtxy.edu.cn; lianglekun@gtxy.edu.cn; Railway Polytechnic; 铁路职业技术,Overnight 2026-09-21 ~2:30am CDT: cold inquire to lianglekun@gtxy.edu.cn (overseas talent / international contact) Gmail id 1a0c2dfdf8048192; resume DOCX attached. Prior run lacked a clean FAO mailbox; this contact is published for overseas talent projects. Bachelor-level inquiry. Direct college.,gtxy-railway-2026-09-21
Guangzhou City Construction College (GZCCC / 广州城建职业学院),Guangzhou (Conghua campus),Foreign English Teacher (oral / college English / EAP) — inquiry,Submitted — awaiting recruiter reply,ask / vocational college band,Yes,No,No,2026-09-21 00:11 CT,2026-09-21 00:11 CT,Application — Foreign English Teacher (Guangzhou) — Michael Palmero (US),https://english.gzccc.edu.cn/Newscenter/Contact_Us.htm,gzccc.edu.cn; iec@gzccc.edu.cn; GZCCC; 广州城建职业学院,"Overnight 2026-09-21 ~12:10am CDT: cold apply to Foreign Affairs Office / International Exchanges Center (iec@gzccc.edu.cn) Gmail id 1a0c25f8b1b6ca37; resume DOCX attached. FAO page lists foreign-teacher hiring among duties. Bachelor-level inquiry, CELTA-in-progress disclosed. Direct college.",gzccc-iec-2026-09-21
Guangdong Water Conservancy and Electric Power Vocational Technical College (GDSDXY / 广东水利电力职业技术学院),Guangzhou (Tianhe + Conghua campuses),Foreign English Teacher (oral / college English / EAP) — inquiry,Received — GDSDXY HR auto-reply (mail received; next steps via school website announcements),ask / vocational college band,Yes,No,No,2026-09-21 00:11 CT,2026-09-21 00:10 CT,公招 Auto Reply  Application — Foreign English Teacher (Guangzhou) — Michael Palmero (US),https://www.gdsdxy.cn/,gdsdxy.cn; zhaopin@gdsdxy.cn; GDSDXY; 广东水利电力职业技术学院; 水院,"Overnight 2026-09-21 ~12:10am CDT: cold apply to college recruitment mailbox (zhaopin@gdsdxy.cn) Gmail id 1a0c25f8d0224de5; resume DOCX attached. Guangzhou campuses (Tianhe + Conghua). Bachelor-level inquiry, CELTA-in-progress disclosed. Direct college. Auto-ack 2026-09-21T05:10:42Z from zhaopin@gdsdxy.cn (thread 1a0c25facc38fcc1): 邮件已收悉; 资格审查/考试通知以学校官网公告为准.",gdsdxy-zhaopin-2026-09-21
Berlitz (China) — Guangzhou instructor inquiry,Guangzhou,English Instructor (language center),Submitted — awaiting recruiter reply,ask / language-center band,Yes,No,No,2026-09-21 00:11 CT,2026-09-21 00:11 CT,Application — English Instructor Guangzhou — Michael Palmero (US),https://www.berlitz.com/en-cn/careers,berlitz.com; info@em.berlitz.com; Berlitz,Overnight 2026-09-21 ~12:10am CDT: apply inquiry to Berlitz China recruiting (info@em.berlitz.com) Gmail id 1a0c25f8e4e59aea; resume DOCX attached. Careers page lists TEFL/CELTA (sponsorship may be available) + bachelor + native passport. Guangzhou-only preference stated. Language center.,berlitz-gz-2026-09-21
TMEGA Academy (Lion King International Education Group),Guangzhou (Tianhe),English / Montessori kindergarten teacher,Skipped — pinwaiyi agent-bounty listing (login wall) + education-major preference; no direct school HR email found,8–15k CNY/month,Yes,No,No,2026-09-20 22:20 CT,,,https://www.pinwaiyi.com/i/?pid=TA10266,TMEGA; Lion King; tmega,Overnight 2026-09-20: US nationality + age OK but education-related major preferred and apply path is agent platform. Skipped grey/indirect.,tmega-agent-board-2026-09-21
Southern Medical University (School of Foreign Studies),Guangzhou,International English Teacher,Skipped — stale Sep 2020 start listing + TEFL/CELTA + 2yrs preferred; Chinese text also prefers Master's,stale 2020 listing 11.8k,ask,No,Yes,2026-09-20 22:20 CT,,,https://portal.smu.edu.cn/renshi/info/1121/4685.htm,smu.edu.cn; 857150668@qq.com; 南方医科大学,Overnight 2026-09-20: only public foreign-teacher page is 2020. Skipped as stale.,smu-stale-2026-09-21
Utahloy International School Guangzhou (UISG),Guangzhou,MYP English Language Acquisition,Blocked/Skipped — hard QTS/PGCE/national teaching-cert + 3yrs experience wall,international school band,Yes,No,Yes,2026-09-20 22:20 CT,,,https://utahloy.cn/gz/about/work-at-uisg/,uisgz.org; utahloy; UISG,Overnight 2026-09-20: MYP EAL roles require teaching license/QTS/PGCE + experience. Skipped vs CELTA-in-progress path.,uisg-qts-2026-09-21
South China Business College (GDUFS / GWNG) — University English Teaching Dept,Guangzhou,专任教师 (University English Teaching Department),Blocked/Skipped — PhD degree wall (大学英语教学部 requires 博士研究生学历 + English-related major),PhD package 23–100万/year band,Yes,No,No,2026-09-20 22:20 CT,,,https://www.gwng.edu.cn/rsc/2026/0520/c992a107849/page.htm,gwng.edu.cn; ngrsc2024@163.com; 南国商学院,Overnight 2026-09-20: reviewed official 2026 University English Teaching Department recruitment; PhD-only. Global talent posts also PhD. Skipped.,gwng-phd-wall-2026-09-21
Guangzhou Institute of Science and Technology (GZIST),Guangzhou,Foreign English Teacher (oral / college English / EAP) — inquiry,Submitted — awaiting recruiter reply,ask / university band,Yes,No,No,2026-09-20 22:20 CT,2026-09-20 22:20 CT,Application — Foreign English Teacher (Guangzhou) — Michael Palmero (US),https://www.gzist.edu.cn/English/Contact_Us.htm,gzist.edu.cn; io@gzist.edu.cn; GZIST; 广州理工学院,Overnight ~10:20pm CDT 2026-09-20: cold apply to International Office io@gzist.edu.cn (official Contact Us); Gmail id 1a0c1f9f3776f302; resume DOCX attached. Bachelor-level inquiry; CELTA-in-progress disclosed. Direct university.,gzist-io-2026-09-21
Guangdong Polytechnic Normal University (GPNU),Guangzhou,Foreign English Teacher (oral / college English / EAP) — inquiry,Received — GPNU OIEC auto-reply (delivery ack; redirects study inquiries to gpnuad@163.com),ask / university band,Yes,No,No,2026-09-20 22:20 CT,2026-09-20 22:19 CT,国际交流与合作处 Auto Reply  Application — Foreign English Teacher (Guangzhou) — Michael Palmero (US),https://en.gpnu.edu.cn/Contact_us.htm,gpnu.edu.cn; oiec@gpnu.edu.cn; gpnuad@163.com; GPNU; 广东技术师范大学,"Overnight ~10:20pm CDT 2026-09-20: cold apply to Office of International Cooperation (oiec@gpnu.edu.cn) Gmail id 1a0c1f9f0a602e1c + School of International Education (gpnuad@163.com) Gmail id 1a0c1fa07ee6f5f0; resume DOCX attached. No live foreign-teacher posting found this run; bachelor-level inquiry, CELTA-in-progress disclosed. Direct university. Auto-ack 2026-09-21T03:19:42Z from oiec@gpnu.edu.cn (thread 1a0c1fa11231bacb): ""Dear, study at GPNU, mail to gpnuad@163.com"" (already also emailed gpnuad@163.com).",gpnu-oiec-2026-09-21
Guangzhou University of Chinese Medicine (GZUCUM),Guangzhou,Native English Teacher (undergrad / graduate English),"Skipped — stale 2016–2017 foreign-teacher listing; current School of Foreign Studies posts are Chinese PhD teaching posts, not foreign Z ESL",stale 2016 listing 8–9.5k,ask,No,No,2026-09-16 22:10 CT,,,https://www.gzucm.edu.cn/info/1461/72771.htm,gzucm.edu.cn; shenminwang,Overnight 2026-09-16: only live foreign-teacher page is 2016; 2019+ posts are domestic PhD English majors. Skipped.,gzucm-net-stale-2026-09-17
First Leap (TAL) — Breezy careers,Guangzhou (brand present historically; current careers online-only),Online English Teacher (remote),Skipped — current public careers only Online English Teacher (Orlando remote); no verified Guangzhou in-person Z-visa opening this run,ask,No,No,No,2026-09-16 22:10 CT,,,https://first-leap.breezy.hr/,firstleap; First Leap; TAL,Overnight 2026-09-16: breezy.hr shows only Online English Teacher remote. Not a Guangzhou Z-visa apply target.,firstleap-breezy-2026-09-17
Guangzhou University (School of Foreign Studies),Guangzhou,English Teacher (reading / writing / speaking),Blocked/Skipped — hard teaching-certification wall (recognized English teaching cert + minimum 2 years teaching experience required before apply),competitive + free campus housing (listing),Yes,No,Yes,2026-09-16 22:10 CT,,,https://english.gzhu.edu.cn/index/Join_Us.htm,gzhu.edu.cn; irisbing,Overnight 2026-09-16: Join Us page requires native speaker + recognized English teaching certification + bachelor's + age ≤55 + ≥2 years teaching experience. Contact irisbing@gzhu.edu.cn. Hard cert wall vs CELTA-in-progress path — skipped. Direct university.,gzhu-english-2026-09-17
Guangzhou Maritime University (广州航海学院 / 广州交通大学筹),Guangzhou,Foreign English Teacher (oral English / Business English),Submitted — awaiting recruiter reply,~200k CNY/year package (base + class fee + housing allowance) per July 2025 listing,Yes,No,No,2026-09-16 22:10 CT,2026-09-16 22:10 CT,Application — Foreign English Teacher (Guangzhou) — Michael Palmero (US),https://pinwaiyi.com/articles/n/p7694.html,gzmtu.edu.cn; Maritime; 航海; International_Office,Overnight ~10:03pm CDT 2026-09-16: Gmail apply to International_Office@gzmtu.edu.cn (Global Affairs Office listing Jul 2025 via pinwaiyi). BA + 1yr teaching path; TEFL preferred not hard wall. CELTA-in-progress + Remote Pilot Instructor disclosed. Guangzhou-only; prefer cash housing stipend. Gmail ids: 1a0ad56a4295e07b (DOCX) + follow-up TXT 1a0ad57767882205 same thread. Direct university employer.,gzmtu-maritime-2026-09-17
English 1,Guangzhou,Entry-level ESL teacher,Interview canceled by Nathan — rebook needed (reschedule request sent),ask / typical language-center band,Yes,No,No,2026-09-14 02:02 CT,2026-09-15 21:46 CT,Canceled: Michael Palmero | English 1 Interview,https://www.english1.com/tefl-jobs/apply-now/,english1.com; ef.com; English 1,Calendly cancel 2026-09-16: original Sat Sep 19 11:30pm CDT canceled. Nathan emailed “Schedule a new time with me.” Original slot does NOT stand.,english1-gz-2026-09-14
Shijiazhuang Yingli (eChinacities training center),Guangzhou,Training Center ESL / Literature Teacher,Skipped — listing expired,negotiable / ~20–25k band,Yes,No,No,,,,https://jobs.echinacities.com/jobchapter/1355113647,echinacities.com,No experience OK; work visa stated. Queued while Michael sleeps.,echina-training-1355113647
Elevate-7,Guangzhou,English ESL Teacher,Received — Workable confirmation email,¥17–21k + housing allowance ¥2–2.5k,Yes,No,Yes,2026-09-14 02:15 CT,2026-09-14 02:11 CT,Thanks for applying to Elevate,https://apply.workable.com/j/73388F66D4,elevate-7; workable.com,"Housing allowance fits Coco housing. Cert required on posting; try CELTA-in-progress, skip if blocked.",elevate7-workable-73388F66D4
New Peak Recruitment (GZ ESL listing),Guangzhou,ESL Teacher,Skipped — listing expired,¥20–23k package,Yes,No,No,,,,https://jobs.echinacities.com/jobchapter/1355115039,echinacities.com; newpeak,Expired before apply.,echina-1355115039
AiRuiKe International Institute of Education,Guangzhou,Homeroom Teacher in Guangzhou,Submitted — awaiting recruiter reply,ask,Yes,No,No,2026-09-14 02:46 CT,,,https://jobs.echinacities.com/jobchapter/1355121035,echinacities.com; airuike,Submitted on eChinacities. Confirmation: You’ve successfully applied for this job! DOCX rejected so PDF resume used.,airuike-1355121035
Goldstar (Guangzhou),Guangzhou,ESL / teaching (Z path),Recruiter reply — need 120hr TEFL before they will consider / sponsor (Jim Althans / Gold Star),ask,Yes,No,No,2026-09-14 02:41 CT,2026-09-14 09:39 CT,Re: Job Board - Michael Palmero - Kindergarten Teaching Positions in Shenzhen & Guangzhou - 14/09/2026,https://goldstarteachers.com/job/kindergarten-teaching-positions-guangzhou/,goldstar; echinacities.com; goldstarteachers.com; jim.althans@goldstarteachers.com; jim@goldstarteachers.com,"Submitted overnight 2026-09-14 via Gold Star job board (Kindergarten Shenzhen & Guangzhou, listing 21378). Jim Althans (Director of Recruitment) replied 2026-09-14 ~9:39am CDT: schools require 120-hour TEFL for Work Permit; recommended INTESOL 120hr online (goldstarteachers.com/intesol-online-tesol-courses-main/). Michael replied he will look over the info. CELTA still in progress — this is a soft block, not a hard rejection. Prefer cash housing stipend.",goldstar-gz-2026-09-14
Houhai English,Guangzhou,ESL Teacher (young learners 6–16; GZ preferred),Submitted — awaiting recruiter reply,¥18k base / 60 hrs + ¥150 overtime (Teach Away band ~$2.6–4.4k),Yes,No,Yes,2026-09-14 04:35 CT,,,https://www.teachaway.com/teaching-jobs-abroad/teach-english-with-houhai-english-in-chinas-major-cities,houhaienglish.com; houhai; recruitment@houhaienglish.com; teachaway.com,Submitted 2026-09-14 via official email recruitment@houhaienglish.com (Gmail send id 1a09f45baeade05f). GZ among city options; CELTA-in-progress disclosed; prefer cash housing stipend. Resume DOCX link included. Browser form/Teach Away account not used this run (executor lacked browserUse).,houhai-gz-2026-09-14
Guangdong Pei Zheng College,Guangzhou,University ESL / Oral English Teacher (Huadu),Submitted — awaiting recruiter reply,"¥164,584–202,232 / year pre-tax + on-campus housing",Yes,No,No,2026-09-14 04:35 CT,,,http://international.peizheng.edu.cn/docs/2025-09/33f52635b106481da7d752bad977770a.pdf,peizheng.edu.cn; hechuhong@peizheng.edu.cn; Alice Ho; IECO,Submitted 2026-09-14 via hechuhong@peizheng.edu.cn (Gmail send id 1a09f45bc4a4469c). Employer (not agent). Req: BA + (2 yrs teaching OR TEFL/CELTA); CELTA-in-progress + instructor experience disclosed. Housing is on-campus (not cash stipend). Resume DOCX link included.,peizheng-gz-2026-09-14
Shijiazhuang Yingli (eChinacities training center),Guangzhou,Training center ESL Teacher,Skipped — listing expired (verified overnight 2026-09-15),¥20–25k,Yes,No,No,,,,https://jobs.echinacities.com/jobchapter/1355119825,echinacities.com; yingli,Was live 2026-09-14 needing browser Apply; by overnight 2026-09-15 run eChinacities shows ad expired. Same Yingli agent family.,echina-yingli-1355119825
Shanghai Meiji Culture Communications (GZ training center),Guangzhou,English Teacher (Fresh Grads Welcome),Blocked/Skipped — hard TEFL/TESOL wall (apostilled cert + docs ready required before apply),¥15–16k after tax,Yes,No,Yes,,,,https://jobs.echinacities.com/jobchapter/1355120122,echinacities.com; meiji,Agent recruiter. Requires TEFL/TESOL and all docs apostilled and ready. CELTA still in progress → skip per criteria.,echina-meiji-1355120122
Wall Street English China,Guangzhou,English Teacher for Adults (GZ among cities),Submitted — awaiting recruiter reply,~¥13–19k + city allowance (band; confirm with recruiter),Yes,No,Yes,2026-09-15 00:30 CT,,,https://www.wallstreetenglish.com/apply-to-teach/,wallstreetenglish.com; teachinchina@wallstreetenglish.com; Wall Street English,Submitted 2026-09-15 overnight via email teachinchina@wallstreetenglish.com (Gmail send id 1a0a38baaea26a7d). Guangzhou preferred; CELTA-in-progress disclosed; prefer cash housing stipend. Resume DOCX attached. Official employer language center.,wse-gz-2026-09-15
Shane English China,Guangzhou,English Teacher (Guangzhou request),Submitted — awaiting recruiter reply,ask,Yes,No,No,2026-09-15 00:30 CT,,,http://teachzing.com/fs/19-shane-english-school,shane.com.cn; recruitment@shane.com.cn; Shane English,Submitted 2026-09-15 overnight via email recruitment@shane.com.cn (Gmail send id 1a0a38bacec4bb17). Guangzhou-only request; CELTA-in-progress disclosed; prefer cash housing stipend. Resume DOCX attached. Western-owned language-center brand.,shane-gz-2026-09-15
Meiyin Education Co. Ltd,Guangzhou,Kindergarten English Teacher,Submitted — awaiting recruiter reply,¥20–23k after tax,Yes,No,Yes,2026-09-15 00:33 CT,,,https://jobs.echinacities.com/jobchapter/1355119423,echinacities.com; meiyin; Meiyin Education,Submitted overnight 2026-09-15 via eChinacities Apply. Confirmation: You've successfully applied for this job! TEFL/TESOL listed on posting; CELTA-in-progress disclosed in browser apply. Prefer cash housing stipend.,echina-meiyin-1355119423
i2 Education,Guangzhou,English Teacher (ages 3–12; GZ among cities — requested GZ only),Submitted — awaiting recruiter reply,¥16–22k + housing allowance ~¥2k (band),Yes,No,No,2026-09-15 02:32 CT,,,https://www.i2edu.cn/,i2edu.cn; vivienne.xy@i2edu.cn; i2 Education,Submitted overnight 2026-09-15 via email vivienne.xy@i2edu.cn (Gmail send id 1a0a3fc72393a57a). Guangzhou-only request; CELTA-in-progress disclosed; prefer cash housing stipend. Resume DOCX attached. Official language-center employer (branches include Guangzhou).,i2edu-gz-2026-09-15
Guangzhou Songtian Polytechnic College,Guangzhou,"Full-time Foreign English Teacher (International Education College, Zengcheng)",Submitted — awaiting recruiter reply,ask (college foreign-teacher package),Yes,No,No,2026-09-15 02:33 CT,,,https://www.gaoxiaojob.com/announcement/detail/429855.html,gzst.edu.cn; stgj_hr@gzst.edu.cn; Songtian,Submitted overnight 2026-09-15 via email stgj_hr@gzst.edu.cn (Gmail send id 1a0a3ff035a3bb2a). Foreign English Teacher posting (Sep 2026); soft TEFL/CELTA or experience path — CELTA-in-progress + instructor experience disclosed. Prefer cash housing stipend if on-campus housing not suitable. Resume DOCX attached. Official employer (vocational college).,songtian-gz-2026-09-15
Giraffe English (Guangzhou),Guangzhou,Foreign English Teacher (kids 3–12; Jiangnanxi / Huangsha centers),Submitted — awaiting recruiter reply,ask,Yes,No,No,2026-09-15 02:33 CT,,,https://www.giraffe.com.cn/,gzgiraffe.com; zhaopin@gzgiraffe.com; Giraffe English,Submitted overnight 2026-09-15 via email zhaopin@gzgiraffe.com (Gmail send id 1a0a3ff03058c6ba). Official Guangzhou Haizhu/Liwan language-center brand; CELTA-in-progress disclosed; prefer cash housing stipend. Resume DOCX attached.,giraffe-gz-2026-09-15
JND / Fangke Careers4U (eChinacities 1355117239),Guangzhou,Training Center English Teacher,Skipped — listing expired + agent recruiter (Fangke),¥20–25k,Yes,No,Yes,,,,https://jobs.echinacities.com/jobchapter/1355117239,echinacities.com; fangke,Expired; agent. TEFL + 2yrs required.,echina-jnd-1355117239-skip
Tianjin Nabang (eChinacities pri/junior GZ),Guangzhou,Primary & Junior High ESL,Skipped — listing expired + agent recruiter,¥20–30k,Yes,No,Yes,,,,https://jobs.echinacities.com/jobchapter/1355117927,echinacities.com; nabang,Expired; intermediary agent.,echina-nabang-1355117927-skip
Guangzhou University,Guangzhou,Campus English Teacher,Blocked/Skipped — hard teaching-certification wall (recognized English teaching cert + 2 yrs required),ask + free campus housing,Yes,No,Yes,,,,https://english.gzhu.edu.cn/index/Join_Us.htm,gzhu.edu.cn; irisbing@gzhu.edu.cn,Requires completed recognized teaching certification before apply; CELTA still in progress.,gzhu-irisbing-skip
Guangzhou Dublin International College (SCAU),Guangzhou,Academic English Tutor,Blocked/Skipped — hard CELTA/Trinity + 2 yrs university EAP wall,¥15–20k band (chinajob),Yes,No,Yes,,,,https://www.chinajob.com/job/job-detail.php?jobid=7qJr0wuoUPRqWnHDL7,scau.edu.cn; janicezqx@scau.edu.cn,Requires CELTA/Trinity TESOL and university EAP experience; CELTA in progress only.,gdic-scau-aet-skip
ST teachers (ESL Cafe multi-city agent),Guangzhou,Language training / kindergarten (Job 12 Guangdong),Skipped — grey recruiting agency (danny1005@qq.com),¥17–25k,Yes,No,No,,,,https://www.eslcafe.com/postajob-detail/13000-30000rmb-esl-and-subject-teacher-needed-15,eslcafe.com,Licensed agency framing but qq.com contact; skip grey agents per criteria.,eslcafe-st-teachers-skip
New Peak Recruitment (GZ training center 1355117397),Guangzhou,Training Center ESL Teacher,Skipped — listing expired + agent (New Peak already on avoid list),¥18k + overtime,Yes,No,No,,,,https://jobs.echinacities.com/jobchapter/1355117397,echinacities.com; newpeak,Expired New Peak agent listing.,newpeak-1355117397-skip
Fettes College Guangzhou,Guangzhou,Teaching community EOI / EAL,Blocked/Skipped — PGCE/QTS-style teaching qualification wall,ask,Yes,No,Yes,,,,https://en.fettesgz.com/info/1144/1269.htm,fettes.cn; hr@fettes.cn,International school expects recognized teaching qualification (PGCE/BEd); not soft TEFL.,fettes-gz-eoi-skip
Global Education Guangzhou (环球教育),Guangzhou,IELTS/TOEFL teacher,Skipped — Mandarin/bilingual + exam-score wall; not foreign Z ESL path,ask,ask,Yes,Yes,,,,http://guangzhou.gedu.org/contents/6506/203911.html,126.com; global_education@126.com,Listings require TEM-8 / IELTS 7+ bilingual Chinese instructors.,global-edu-gz-skip
Sun Yat-sen University (CFLE),Guangzhou,Full-time ESL Instructor (CFLE; Guangzhou campus preferred),Submitted — awaiting recruiter reply,"~¥9,667/mo pre-tax + yearly bonus (stated)",Yes,No,No,2026-09-15 04:12 CT,,,https://www.sysu.edu.cn/sysuenold/Job/International_Teachers.htm,mail.sysu.edu.cn; zhengyf@mail.sysu.edu.cn; Sun Yat-sen; SYSU; CFLE,Submitted overnight 2026-09-15 via email zhengyf@mail.sysu.edu.cn (Gmail send id 1a0a4578a3459f65). Guangzhou campus preferred; CELTA-in-progress disclosed (TEFL can exempt 2yr adult ESL req); prefer cash housing stipend. Resume TXT follow-up attached (id 1a0a4593ebe3087b). Official university employer. No browserUse/Task this run.,sysu-cfle-gz-2026-09-15
South China University of Technology (GZIC),Guangzhou,Full-Time English Language Teacher (Academic English / GZIC Panyu),Submitted — awaiting recruiter reply,"¥187,300–247,300 / year (stated) + on-campus apt rent",Yes,No,No,2026-09-15 04:12 CT,,,https://www2.scut.edu.cn/gzic_en/2025/0820/c44854a599685/page.psp,scut.edu.cn; ota@scut.edu.cn; SCUT; GZIC,Submitted overnight 2026-09-15 via email ota@scut.edu.cn (Gmail send id 1a0a457c6309d6bf). TEFL preferred not hard wall; CELTA-in-progress + instructor experience disclosed; prefer cash housing stipend if apt rent optional. Resume TXT follow-up attached (id 1a0a45a87403aa08). Official university employer (GZIC).,scut-gzic-2026-09-15
Aston English,Guangzhou,English Teacher (children; Guangzhou-only request),Submitted — awaiting recruiter reply,~¥7–9k band + free housing (national Aston package; confirm GZ),Yes,No,No,2026-09-15 04:12 CT,,,https://recruitforchina.wixsite.com/jobs/teach-at-aston-english,astonschool.com; gparker@astonschool.com; Aston English; Gavin Parker,Submitted overnight 2026-09-15 via email gparker@astonschool.com (Gmail send id 1a0a457ca6af0ae7). Guangzhou-only request; BA any subject; TEFL preferred not required; CELTA-in-progress disclosed; prefer cash housing stipend. Resume TXT follow-up attached (id 1a0a45a845037975). Language-center brand (Aston Educational Group).,aston-gz-2026-09-15
Guangzhou Huali College,Guangzhou,English Instructor (School of Foreign Studies),Blocked/Skipped — Master's degree wall,negotiable + free faculty apt,Yes,No,Yes,,,,https://www.hualixy.edu.cn/rsc/rczp1/rczp,hualixy.edu.cn; lhy8@outlook.com; hr@hualixy.edu.cn,2025 foreign-teacher notice requires Master's+; Michael has BA only.,huali-gz-ma-skip
Jinan University (College of Foreign Studies),Guangzhou,Foreign English Teacher,Blocked/Skipped — Master's degree wall,ask,Yes,No,Yes,,,,https://fc.jnu.edu.cn/2023/0414/c33833a744181/page.htm,jnu.edu.cn; ocfsoffice@jnu.edu.cn,Requires Master's or above.,jnu-cfs-ma-skip
South China Normal University (SFS),Guangzhou,English Language Teacher,Blocked/Skipped — Master's + TESOL certificate wall (deadline also passed),"¥180,000 / year",Yes,No,Yes,,,,https://rsc.scnu.edu.cn/a/20250424/975.html,scnu.edu.cn; wwxy@scnu.edu.cn,Requires Master's + TESOL/TESL; application deadline listed 15 June 2025.,scnu-ma-tesol-skip
WEBi English (Guangzhou),Guangzhou,English Teacher (adult / language center),Submitted — awaiting recruiter reply,ask / language-center band,Yes,No,No,2026-09-15 22:12 CT,,,https://sw.hc23.com/company/377936.html,webi.com.cn; Jordan.zuo@webi.com.cn; WEBi; 韦博,Submitted overnight 2026-09-16 via email Jordan.zuo@webi.com.cn (Gmail send id 1a0a830be3ba8c40). Guangzhou Tianhe language center (Guangsheng Building). CELTA-in-progress disclosed; prefer cash housing stipend. Resume DOCX attached. Official WEBi Guangzhou contact listed on company directory.,webi-gz-2026-09-16
Nanfang College Guangzhou,Guangzhou,Foreign English Teacher (College English Education Center),Received — Nanfang HR auto-reply (resume received; wait for screening),ask / ~15–20k band (older listing),Yes,No,No,2026-09-15 22:12 CT,2026-09-15 22:12 CT,AutoReply: Application: Foreign English Teacher — Michael Palmero (US),https://en.nfu.edu.cn/Join_us.htm,nfu.edu.cn; nfrecruit@nfu.edu.cn; Nanfang; Southern College,Submitted overnight 2026-09-16 via email nfrecruit@nfu.edu.cn (Gmail send id 1a0a833548dc58b9). Conghua District campus. BA + work-visa eligible; CELTA-in-progress disclosed; prefer cash housing stipend. Resume DOCX attached. Official college employer. Auto-ack 2026-09-16T03:12:20Z from nfrecruit@nfu.edu.cn (thread 1a0a833853f900ed): 简历已收到，请勿重复投递.,nanfang-gz-2026-09-16
Guangdong Teachers College of Foreign Languages and Arts (GTCFLA),Guangzhou,"English Teacher (Longdong campus, Tianhe)",Submitted — awaiting recruiter reply,ask / to be discussed,Yes,No,No,2026-09-15 22:12 CT,,,https://www.gtcfla.edu.cn/English/zcejdh/Job_Opportunities.htm,gtcfla.edu.cn; fao@gtcfla.edu.cn; Joan Liang; GTCFLA,Submitted overnight 2026-09-16 via email fao@gtcfla.edu.cn (Gmail send id 1a0a833521aebfbf). Public college Longdong campus Tianhe. BA any subject; 2+ yrs teaching preferred — instructor experience + CELTA-in-progress disclosed; prefer cash housing stipend. Resume DOCX attached. Contact Joan Liang / FAO. Listing start date text is older (2024) but contact page still live.,gtcfla-gz-2026-09-16
CIEO (Canadian International Educational Organization),Guangzhou,Foreign English Teacher (language centers / schools),Received — CIEO auto-reply confirmed email received,ask / language-center band,Yes,No,No,2026-09-16 00:17 CT,2026-09-16 00:15 CT,AutoReply: Application — Foreign English Teacher (Guangzhou) — Michael Palmero (US),http://www.cieo.com.cn/en/Employment.asp,cieo.com.cn; CIEO; Canadian International Educational,Submitted overnight 2026-09-16 via email recruitment@cieo.com.cn (Gmail send id 1a0a8a45cd3af567). Official CIEO Employment page contact. ~20 schools in/around Guangzhou. CELTA-in-progress disclosed; Guangzhou-only; prefer cash housing stipend. Resume TXT attached. Language-center / school employer (not grey agent). Auto-ack 2026-09-16T05:15:44Z from recruitment@cieo.com.cn (thread 1a0a8a47ab79bea5).,cieo-gz-2026-09-16
Meten English (Guangzhou),Guangzhou,Foreign English Teacher (adults / language center),Submitted — awaiting recruiter reply,~¥10–13k + ¥2k housing allowance (posted band; negotiable),Yes,No,No,2026-09-16 00:17 CT,2026-09-16 00:17 CT,Application — Meten English Teacher (Guangzhou only) — Michael Palmero (US),https://recruitforchina.wixsite.com/jobs/meten-english,meten.com; Meten; mia_wj,Submitted overnight 2026-09-16 via email mia_wj@meten.com (Gmail send id 1a0a8a4b2cff2b00). Meten-domain recruiter (employer). BA + (TEFL/CELTA OR 2yrs related teaching) soft path — CELTA-in-progress + instructor experience disclosed. Guangzhou-only; prefer cash housing stipend. Resume TXT attached.,meten-gz-2026-09-16
Guangdong Polytechnic of Industry and Commerce (GDGM),Guangzhou,Foreign English Teacher,Submitted — awaiting recruiter reply,ask,Yes,No,No,2026-09-16 00:17 CT,2026-09-16 00:17 CT,Application — Foreign English Teacher — Michael Palmero (US) — Guangzhou,https://www.gdgm.edu.cn/dwjl/,gdgm.edu.cn; gdgmjlc; 126.com; 工贸,Submitted overnight 2026-09-16 via email gdgmjlc@126.com (Gmail send id 1a0a8a4b43cafcc9). Official International Exchange & Cooperation Office contact (对外交流合作部). CELTA-in-progress + instructor experience disclosed; Guangzhou campus; prefer cash housing stipend. Resume TXT attached. Employer college (not agent).,gdgm-gz-2026-09-16
Elite Teach (eChinacities ESL Teacher 1355121677),Guangzhou,ESL Teacher (bilingual school outsourcing),Skipped — grey recruiting agency / foreign-teacher outsourcing agent (Elite Teach),¥19–22k,ask,No,No,,,,https://jobs.echinacities.com/jobchapter/1355121677,echinacities.com; Elite Teach,Updated Sep 16 2026 on eChinacities; recruiter type Agent. Skip per grey-agent rule.,elite-teach-1355121677-skip
Bosen China (GZ middle-school English listing),Guangzhou,International Middle School English Teacher,Skipped — grey agent (Bosen China / Wuhan) + hard PGCE wall,¥24–30k + ¥4k housing,Yes,No,Yes,,,,https://jobs.echinacities.com/jobchapter/1355121419,echinacities.com; Bosen,Agent recruiter; PGCE required. Skip.,bosen-pgce-1355121419-skip
Bosen China (GZ primary teacher listing),Guangzhou,International Primary Teacher,Skipped — grey recruiting agency (Bosen China / Wuhan),¥23–29k + ¥4k housing,Yes,No,No,,,,https://jobs.echinacities.com/jobchapter/1355121423,echinacities.com; Bosen,Agent recruiter on eChinacities. Skip per grey-agent rule.,bosen-primary-1355121423-skip
Wuhan Oscar Education (IB KNG Liwan listing),Guangzhou,IB Kindergarten Homeroom Teacher,Skipped — grey recruiting agency (Wuhan Oscar Education Technology),¥23–26k after tax incl housing,Yes,No,No,,,,https://jobs.echinacities.com/jobchapter/1355119875,echinacities.com; Oscar,Agent recruiter. Skip.,oscar-ibkng-1355119875-skip
Guangzhou Huashang College,Guangzhou,International Teacher (subject + English),Blocked/Skipped — Master's degree wall,negotiable,Yes,No,No,,,,https://www.gzhs.edu.cn/info/1007/4537.htm,gzhs.edu.cn; gdhsc.edu.cn; zjy_edu_cn,Official posting requires MA or above. Contact zjy_edu_cn@163.com not used.,huashang-ma-skip
Guangzhou College of Commerce (GCC International College),Guangzhou,Language Teacher,Blocked/Skipped — Master's degree wall (+ TEFL required),negotiable,Yes,No,Yes,,,,https://ic.gcc.edu.cn/tzgg/f8f49e29e4a64f5eb8a037aca167b53c.htm,gzcc.cn; gcc.edu.cn,Requires Master degree or above. eva@gzcc.cn not contacted.,gcc-ma-skip
GDUFS International School (GIS),Guangzhou,High school subject teachers (no ESL opening),Blocked/Skipped — Master's degree wall + no ESL opening,¥250–400k/year pretax,ask,No,Yes,,,,https://gisen.gdufs.edu.cn/Recruitment.htm,gdufs.edu.cn; GIS_GZ,Minimum Master's; openings are subject teachers not ESL. GIS_GZ@163.com not contacted.,gis-gdufs-ma-skip
Shanghai Meiji Culture Communications (GZ training center 1355120125),Guangzhou,Training Center English Teacher,Blocked/Skipped — hard TEFL wall (apostilled cert + docs ready) + agent recruiter,¥15–16k incl apartment,Yes,No,Yes,,,,https://jobs.echinacities.com/jobchapter/1355120125,echinacities.com; Meiji,Related listing to prior Meiji skip; requires docs ready including TEFL with apostille; agent. Skip.,meiji-1355120125-skip
Zhongkai University of Agriculture and Engineering (IELTS training),Guangzhou,English training teacher (IELTS),Blocked/Skipped — English-major Master's + IELTS 7.5 wall; qq.com contact,ask,ask,Yes,Yes,,,,https://ielts.zhku.edu.cn/info/1025/2625.htm,zhku.edu.cn,Requires English-major Master's + IELTS 7.5; contact 2833701908@qq.com. Not foreign Z ESL path.,zhku-ielts-ma-skip
Guangdong University of Finance & Economics (GDUFE),Foshan (shuttle from Guangzhou),Full-time foreign English teacher,Skipped — work location Foshan campus (not Guangzhou-only) + 2024 dated listing + cert preferred,¥10–12.5k by degree,Yes,No,Yes,,,,https://english.gdufe.edu.cn/2024/0419/c1787a190845/page.htm,gdufe.edu.cn,Posting is Foshan campus primary workplace. Skip Guangzhou-only rule.,gdufe-foshan-skip
I Can Read (Guangzhou),Guangzhou,Foreign English Teacher (young learners / literacy centers),Submitted — awaiting recruiter reply,ask / historically competitive + housing allowance,Yes,No,No,2026-09-16 02:24 CT,,,https://www.icanreadasia.cn/join.html,icanread.asia; icanreadasia.cn; teacher.hr.cn@icanread.asia; hr-center@icanreadasia.cn; michelle.stuart@icanread.asia; I Can Read,Overnight ~2:24am CDT 2026-09-16: Gmail apply to teacher.hr.cn@icanread.asia (cc hr-center@icanreadasia.cn) with resume TXT. Official China join page lists Guangzhou among cities and asks resume to those addresses. CELTA in progress disclosed honestly. Prefer cash housing stipend. Gmail message id: 1a0a919cca82b676.,icanread-gz-2026-09-16
Guangdong University of Technology (GDUT),Guangzhou,Foreign English Language Teacher,Submitted — awaiting recruiter reply,ask / university band,Yes,No,No,2026-09-16 02:24 CT,,,https://wsc.gdut.edu.cn/info/1157/2923.htm,gdut.edu.cn; mitchshaw@gdut.edu.cn; GDUT; 广东工业大学,Overnight ~2:24am CDT 2026-09-16: Gmail apply to mitchshaw@gdut.edu.cn (official WSC foreign-language-teacher page; BA + language-teaching training path). CELTA in progress disclosed as training-in-progress. Guangzhou campus only. Prefer cash housing stipend. Gmail message id: 1a0a919cca385192. Note: page originally dated 2021 but still live on official GDUT site.,gdut-fl-gz-2026-09-16
Click China (GZ middle-school ESL listing),Guangzhou,Middle School English Teacher,Skipped — grey recruiting agency (Click China / Wuhan agent),"¥12,500/month",Yes,No,No,,,,https://jobs.echinacities.com/jobchapter/1355121853,echinacities.com; clickchina,"Live eChinacities Sep 9 update but Recruiter Type: Agent (Click China Cultural Exchange, Wuhan). Skip per no grey agents.",clickchina-1355121853-skip
Guangdong Xin'an Polytechnic,Shenzhen,Foreign English Teacher,Skipped — Shenzhen campus (not Guangzhou-only) + TEFL/TESOL required + qq.com contact,¥15–20k,Yes,No,Yes,,,,https://www.gdxa.edu.cn/info/2332/22551.htm,gdxa.edu.cn,Nanshan Shenzhen location; TEFL/TESOL required; qq contact. Outside GZ-only rule.,xinan-sz-skip
Guangdong University of Finance (GDUF),Guangzhou,Oral English Teacher,Blocked/Skipped — Master's degree wall,¥7.5–12.5k,Yes,No,No,,,,https://wsb.gduf.edu.cn/info/1049/1718.htm,gduf.edu.cn; 70-333@gduf.edu.cn,Longdong Guangzhou campus but requires Master's or above in English-related field. 2023-24 dated posting.,gduf-ma-skip
"Zhujiang College, South China Agricultural University",Guangzhou,Full-time College English Teacher,Blocked/Skipped — hard TEFL/TESOL certificate wall (+ dated 2020 page),¥14–16k,Yes,No,Yes,,,,https://rsc.scauzj.edu.cn/rczp/webinfo/2025/3/1000000000212587.htm,scauzj.edu.cn; zhujiangxueyuan@163.com,Conghua Guangzhou. TESOL/TEFL certificate required before apply. CELTA still in progress.,scauzj-tefl-skip
Guangzhou College of Applied Science and Technology (GZASC),Zhaoqing / Guangzhou dual,Full-time English foreign teacher,Blocked/Skipped — Master's wall + primary contact qq.com + Zhaoqing address,ask,Yes,No,No,,,,https://wentchina.com/recruitment-announcement-for-foreign-english-teachers-at-guangzhou-college-of-applied-science-and-technology/,gzasc.edu.cn,Requires Master's (or TEFL with Master's-style exemptions). Contact 361287949@qq.com. Address listed Zhaoqing Dinghu.,gzasc-ma-qq-skip
English Today Recruitment (multi-city agent board),Guangzhou,Various KG/primary/training posts via agent,Skipped — grey recruiting agency / multi-school outsourcing board,varies,ask,No,No,,,,https://englishrecruitment.com/job-detail/kgenglishprimaryelaviceprincipalibpypvisualartselaenglishteachersrequiredforvariouscitiesinchina-englishtodayrecruitment,englishrecruitment.com,HR@englishrecruitment.com posts anonymous multi-city roles including GZ. Skip per no grey agents.,english-today-agent-skip
Guangzhou Worlda Cultural & Educational Consulting,Guangzhou,Foreign teacher placement / outsourcing,Skipped — grey recruiting / foreign-teacher outsourcing intermediary,ask,ask,No,No,,,,https://www.teachaway.com/schools/guangzhou-worlda-cultural-educational-consulting-service-coltd,worldaedu.com.cn; worlda,Employer-of-record / placement intermediary for schools. No live vacancies on Teach Away. Skip per no outsourcing intermediaries.,worlda-outsource-skip
Hello English (Recruit4China listing),Lianyungang,Young learner ESL,Skipped — Lianyungang not Guangzhou,¥8–10k,Yes,No,No,,,,https://recruitforchina.wixsite.com/jobs/hello-english,recruitforchina.com,Recruit4China Hello English page is Lianyungang Jiangsu only.,hello-english-lyg-skip
New Oriental (XDF) Guangzhou,Guangzhou,Local/bilingual Chinese teacher posts (not foreign Z ESL),Skipped — current GZ hiring is local Chinese teachers; no verified foreign Z-visa ESL opening,local bands,No,Yes,No,,,,http://www.neworiental.org/english/contact/201507/8214181.html,xdf.cn; ehr@xdf.cn,"Official ehr@xdf.cn careers mailbox exists but live GZ Zhaopin posts are Chinese bilingual teachers (TEM-8 / CET walls), not foreign Z ESL.",xdf-local-only-skip
BASIS International School Guangzhou,Guangzhou,ELL Teacher Middle/High School,Blocked/Skipped — applications closed + 2yrs lead-teacher / certified-teacher wall,$55–65k/year,Yes,No,Yes,,,,https://www.teachaway.com/teaching-jobs-abroad/ell-teacher-middle-and-high-school-guangzhou-1,basisinternationalschools.com,Teach Away shows Closed. Requires 2+ years lead classroom teaching; international-school cert path.,basis-ell-closed-skip
Aodu / Graceland English (Guangzhou),Guangzhou,ESL teacher (training center),Skipped — stale Sep 2020 start listing + no public apply email (PM-only on Liepin),¥15–20k + ¥2k housing,ask,No,No,,,,https://www.liepin.com/job/1930470557.shtml,aodu; graceland,Language-center brand fit but no inventable contact email; posting start date Sep 2020.,aodu-graceland-stale-skip
Guangzhou Software College (SEIG),Guangzhou,Full-time English teacher (外教),Skipped — 2022 listing requires already living in China; no apply email on posting,ask,ask,No,No,,,,http://gdsoa.cn/Jobs/Details_28864.html,seig.edu.cn; gzus.edu.cn,"Conghua Guangzhou campus historically. Candidate must live in China now. 2026 SEIG posts are Master's Chinese faculty, mostly Jiangmen for foreign languages.",seig-ft-stale-inchina-skip
Zhuhai College of Science and Technology (ZCST),Zhuhai,English foreign teacher 2025,Skipped — Zhuhai not Guangzhou-only,¥170–260k/year,Yes,No,No,,,,https://iec.zcst.edu.cn/2024/0607/c1785a177166/page.htm,zcst.edu.cn; okiya@zcst.edu.cn,BA path attractive but workplace Zhuhai Jinwan.,zcst-zhuhai-skip
Guangdong Baiyun University,Guangzhou,Foreign English Teacher (oral English / ESL),Submitted — awaiting recruiter reply,ask / ~¥12k+ band (China Connection listing noted ¥12k+; official package TBD),Yes,No,No,2026-09-16 04:08 CT,,,https://en.baiyunu.edu.cn/Academics/College_of_Foreign_Studies/College_of_Foreign_Studies.htm,baiyunu.edu.cn; baiyunuinternational@baiyunu.edu.cn; RSC@baiyunu.edu.cn; Baiyun,"Overnight ~4:07am CDT 2026-09-16: Gmail apply to baiyunuinternational@baiyunu.edu.cn (cc RSC@baiyunu.edu.cn) with resume DOCX. Official international/HR emails. College of Foreign Studies regularly hires foreign teachers. Soft policy path BA + related teaching (Remote Pilot Instructor + CELTA-in-progress disclosed). Prefer cash housing stipend. Gmail message id: 1a0a979c8d6218e4. Note: China Connection agent listing also exists with TEFL wall — applied via university emails, not agent.",baiyun-university-2026-09-16
Guangzhou City University of Technology (GCUT),Guangzhou,University ESL / Oral English Teacher,Submitted — awaiting recruiter reply,¥10–14k + rent-free flat (2023–24 posting),Yes,No,No,2026-09-16 04:11 CT,,,https://jl.gcut.edu.cn/2022/1024/c1117a144173/page.htm,gcu.edu.cn; dep-jl@gcu.edu.cn; international@gcu.edu.cn; GCUT; 广州城市理工,Overnight ~4:07am CDT 2026-09-16: Gmail apply to dep-jl@gcu.edu.cn (cc international@gcu.edu.cn) with resume DOCX. Soft path: BA + (2yrs English teaching OR TEFL/CELTA). CELTA-in-progress + instructor experience disclosed. Prefer cash housing stipend if flat not suitable. Gmail message id: 1a0a97c7abe2c248. Posting dated 2023–24 but contact emails still live on international affairs site.,gcut-esl-2026-09-16
Guangdong Industry Polytechnic University (广东轻工职业技术大学),Guangzhou,Foreign English Teacher (inquiry / apply),Submitted — awaiting recruiter reply,ask,Yes,No,No,2026-09-16 04:11 CT,,,https://jlxy.gdipu.edu.cn/wzwj.htm,gdqy.edu.cn; gdipu.edu.cn; gjzx@gdqy.edu.cn; 轻工,Overnight ~4:07am CDT 2026-09-16: Gmail apply/inquiry to gjzx@gdqy.edu.cn (International Exchange & Cooperation Center; official foreign-teacher management contact). No public fresh ESL vacancy page found this run — open application for current/upcoming openings. CELTA-in-progress disclosed; Guangzhou-only; prefer cash housing stipend. Gmail message id: 1a0a97c7a4d96229.,gdqy-industry-poly-2026-09-16
South China Agricultural University (College of International Education),Guangzhou,Native English Teachers (IELTS Speaking/Writing),Blocked/Skipped — stale 2020 listing + hard 2-year teaching experience wall for language teachers (no TEFL soft path); pay low vs language-center band,¥8.5–9.5k language-teacher band (2020 page),Yes,No,No,,,,https://cie.scau.edu.cn/2020/0402/c5532a223728/page.htm,scau.edu.cn; scaucie@126.com; chenliu@scau.edu.cn; cie@scau.edu.cn,Verified overnight 2026-09-16: page last dated 2020-04-02; requires min 2 years teaching for language teachers. Distinct from Zhujiang College (already TEFL-walled). Did not email.,scau-cie-skip-2026-09-16
Kid Castle Educational Corporation,Guangzhou (claimed expansion; HQ Shanghai),English Teacher,Blocked/Skipped — TEFL required before Z-visa docs; Shanghai HQ focus; no verified Guangzhou-only direct opening this run,ask,Yes,No,Yes,,,,https://ft.kidcastle.com/,kidcastle.org.cn; ft_recruiting@kidcastle.org.cn,Overnight check 2026-09-16: recruitment site requires authenticated TEFL for Z-visa process; primary HQ Shanghai.,kidcastle-skip-2026-09-16
Meriteach Recruitment (Guangzhou primary ESL listing),Guangzhou,ESL Teacher — Primary School,Skipped — grey recruiting agency (Meriteach Recruitment) on TeachingJobChina,¥26k/mo (TeachingJobChina listing),ask,No,No,,,,https://www.teachingjobchina.com/,teachingjobchina.com; Meriteach,Overnight 2026-09-16: listed as Meriteach Recruitment intermediary — skip per grey-agent rule.,meriteach-skip-2026-09-16
eChinacities Guangzhou ESL batch (Yingli / Fangke / DinChance / Yilai / M Consultancy),Guangzhou,Various training-center / school ESL,Skipped — listings expired and/or Agent recruiter type (already on avoid list),various,ask,No,No,,,,https://jobs.echinacities.com/,echinacities.com,"Overnight 2026-09-16 recheck: 1355114471, 1355086739, 1355115959, 1355117733 expired and/or Agent.",echina-agents-skip-2026-09-16-am
